{"cameraMode":{"drawMode":0,"name":"Shaded","section":"Shading Mode"},"sceneLighting":false,"audioPlay":false,"sceneViewState":{"showFog":true,"showMaterialUpdate":false,"showSkybox":false,"showFlares":true,"showImageEffects":true,"showParticleSystems":true},"in2DMode":false,"pivot":{"x":-1.0014615058898926,"y":0.7854399681091309,"z":3.9554920196533205},"rotation":{"x":0.158877432346344,"y":-0.6516702175140381,"z":0.14302958548069,"w":0.7279855012893677},"size":2.9183497428894045,"orthographic":false}