{"cameraMode":{"drawMode":0,"name":"Shaded","section":"Shading Mode"},"sceneLighting":false,"audioPlay":false,"sceneViewState":{"showFog":true,"showMaterialUpdate":false,"showSkybox":false,"showFlares":true,"showImageEffects":true,"showParticleSystems":true},"in2DMode":false,"pivot":{"x":-0.05052828788757324,"y":1.5679208040237427,"z":0.024851754307746888},"rotation":{"x":0.05438819155097008,"y":-0.8830956816673279,"z":-0.10733909904956818,"w":-0.45390310883522036},"size":2.961040735244751,"orthographic":false}