{"cameraMode":{"drawMode":0,"name":"Shaded","section":"Shading Mode"},"sceneLighting":true,"audioPlay":false,"sceneViewState":{"showFog":true,"showMaterialUpdate":false,"showSkybox":true,"showFlares":true,"showImageEffects":true,"showParticleSystems":true},"in2DMode":false,"pivot":{"x":2.7203896045684816,"y":-5.046666145324707,"z":-0.014296170324087143},"rotation":{"x":0.40313661098480227,"y":0.0944460928440094,"z":-0.04187111556529999,"w":0.9092980027198792},"size":10.0,"orthographic":false}